Series,Match Number,Red1 Team Number,Red2 Team Number,Blue1 Team Number,Blue2 Team Number,Red Auto Score,Red Auto Artifact Points,Red Auto Classified Artifacts,Red Auto Overflow Artifacts,Red Auto Pattern Points,Red Auto Leave Points,Red Teleop Score,Red Teleop Artifact Points,Red Teleop Classified Artifacts,Red Teleop Overflow Artifacts,Red Teleop Pattern Points,Red Teleop Depot Points,Red Endgame Score,Red Foul Committed,Red Major Fouls,Red Minor Fouls,Red Final Score,Blue Auto Score,Blue Auto Artifact Points,Blue Auto Classified Artifacts,Blue Auto Overflow Artifacts,Blue Auto Pattern Points,Blue Auto Leave Points,Blue Teleop Score,Blue Teleop Artifact Points,Blue Teleop Classified Artifacts,Blue Teleop Overflow Artifacts,Blue Teleop Pattern Points,Blue Teleop Depot Points,Blue Endgame Score,Blue Foul Committed,Blue Major Fouls,Blue Minor Fouls,Blue Final Score
0,1,14270,23840,32240,4848,71,57,19,0,8,6,341,320,105,5,6,0,15,10,0,2,427,60,48,16,0,6,6,177,156,52,0,6,0,15,15,1,0,247
0,2,26820,18011,25707,7140,60,45,15,0,12,3,104,87,29,0,2,0,15,0,0,0,169,58,48,16,0,4,6,178,159,53,0,4,0,15,5,0,1,236
0,3,12649,23944,29999,25577,69,45,15,0,18,6,228,192,64,0,6,0,30,0,0,0,347,48,36,12,0,6,6,74,57,19,0,2,0,15,50,2,4,122
0,4,19779,15993,10477,30439,60,51,17,0,6,3,296,279,93,0,2,0,15,90,6,0,356,30,24,8,0,0,6,115,96,31,3,4,0,15,0,0,0,235
0,5,18225,5356,18858,8304,37,30,10,0,4,3,158,116,37,5,12,0,30,0,0,0,210,18,12,4,0,0,6,161,144,48,0,2,0,15,15,0,3,179
0,6,33033,13093,26907,23942,70,63,21,0,4,3,255,234,78,0,6,0,15,55,3,2,375,15,12,4,0,0,3,126,108,36,0,8,0,10,50,3,1,196
0,7,16377,32706,23524,23521,16,9,3,0,4,3,85,75,25,0,0,0,10,15,1,0,116,52,42,14,0,4,6,149,111,37,0,8,0,30,15,0,3,216
0,8,12611,28133,21229,16169,67,57,19,0,4,6,145,126,42,0,4,0,15,20,0,4,222,72,60,20,0,6,6,203,174,58,0,14,0,15,10,0,2,295
0,9,3565,15104,20625,11093,71,63,21,0,2,6,254,235,78,1,4,0,15,5,0,1,430,38,24,8,0,8,6,126,108,36,0,8,0,10,105,7,0,169
0,10,7149,11212,19652,27188,33,24,8,0,6,3,96,76,24,4,10,0,10,40,2,2,179,51,42,14,0,6,3,122,90,30,0,2,0,30,50,2,4,213
0,11,10298,19606,24018,17792,74,66,22,0,2,6,237,218,70,8,4,0,15,20,1,1,316,61,51,17,0,4,6,139,124,41,1,0,0,15,5,0,1,220
0,12,16473,28804,11347,28651,69,66,22,0,0,3,271,237,78,3,4,0,30,20,1,1,355,51,42,14,0,6,3,33,21,7,0,2,0,10,15,1,0,104
0,13,32736,26025,18227,3825,64,48,16,0,10,6,116,93,30,3,8,0,15,10,0,2,180,53,39,13,0,8,6,134,109,35,4,10,0,15,0,0,0,197
0,14,23918,23222,13201,23786,106,90,30,0,10,6,171,151,49,4,10,0,10,10,0,2,277,78,60,20,0,12,6,122,108,36,0,4,0,10,0,0,0,210
0,15,23524,14270,18225,23942,64,48,16,0,10,6,205,186,62,0,4,0,15,10,0,2,269,53,39,13,0,8,6,68,54,18,0,4,0,10,0,0,0,131
0,16,32240,23944,26820,23521,27,21,7,0,0,6,279,256,85,1,8,0,15,0,0,0,326,67,57,19,0,4,6,276,251,83,2,10,0,15,20,0,4,343
0,17,32706,28133,27188,10477,55,45,15,0,4,6,226,193,64,1,18,0,15,20,1,1,281,83,69,23,0,8,6,238,215,69,8,8,0,15,0,0,0,341
0,18,25577,13093,19779,16377,55,33,11,0,16,6,159,141,46,3,8,0,10,50,2,4,239,52,36,12,0,10,6,125,110,36,2,0,0,15,25,1,2,227
0,19,5356,30439,19652,11347,37,21,7,0,10,6,93,72,21,9,16,0,5,15,1,0,140,25,21,7,0,4,0,212,189,63,0,8,0,15,10,0,2,252
0,20,25707,19606,33033,11093,29,21,7,0,2,6,219,201,66,3,8,0,10,110,6,4,283,36,30,10,0,0,6,109,93,31,0,6,0,10,35,1,4,255
0,21,10298,13201,4848,3825,57,51,17,0,0,6,173,155,51,2,8,0,10,15,0,3,230,38,30,10,0,2,6,119,100,33,1,4,0,15,0,0,0,172
0,22,28804,32736,15993,12611,70,54,18,0,10,6,117,99,33,0,8,0,10,10,0,2,262,40,24,8,0,10,6,287,264,88,0,8,0,15,75,4,3,337
0,23,23786,23840,15104,16169,64,57,19,0,4,3,175,152,50,2,8,0,15,35,2,1,279,62,51,16,3,8,3,152,129,40,9,8,0,15,40,2,2,249
0,24,,26907,24018,11212,46,33,11,0,10,3,59,45,15,0,4,0,10,5,0,1,105,25,18,6,0,4,3,115,97,32,1,8,0,10,0,0,0,145
0,25,18227,29999,28651,7149,77,63,21,0,8,6,172,144,48,0,12,1,15,15,0,3,254,75,59,19,2,10,6,91,70,23,1,6,0,15,5,0,1,181
0,26,17792,8304,3565,7140,44,39,13,0,2,3,92,63,21,0,14,0,15,5,0,1,171,80,69,23,0,8,3,233,214,70,4,4,0,15,35,1,4,318
0,27,18011,12649,21229,23918,41,35,11,2,0,6,150,123,41,0,12,0,15,15,0,3,196,80,66,22,0,8,6,217,192,63,3,10,0,15,5,0,1,312
0,28,23222,18858,16473,26025,114,96,31,3,12,6,256,214,71,1,12,0,30,15,0,3,410,64,54,18,0,4,6,156,135,45,0,6,0,15,40,2,2,235
0,29,23524,15993,27188,5356,67,57,19,0,4,6,166,147,49,0,4,0,15,15,0,3,243,61,54,18,0,4,3,206,168,56,0,8,0,30,10,0,2,282
0,30,23521,10477,32736,33033,64,51,17,0,10,3,261,237,78,3,8,1,15,25,0,5,375,73,63,21,0,4,6,162,139,45,4,8,0,15,50,1,7,260
0,31,28804,32706,23942,10298,67,57,19,0,4,6,112,87,25,12,10,0,15,0,0,0,199,42,36,12,0,0,6,122,104,34,2,8,0,10,20,1,1,164
0,32,29999,11212,28133,30439,56,48,16,0,2,6,218,200,64,8,8,0,10,5,0,1,284,37,27,9,0,4,6,118,99,33,0,4,0,15,10,0,2,160
0,33,11347,3565,3825,24018,106,90,30,0,10,6,248,221,73,2,12,0,15,0,0,0,354,35,21,7,0,8,6,29,24,8,0,0,0,5,0,0,0,64
0,34,23944,18011,23786,14270,26,18,6,0,2,6,159,139,46,1,4,1,15,15,1,0,200,86,70,23,1,10,6,213,188,62,2,10,0,15,15,0,3,314
0,35,15104,13201,12649,8304,49,39,13,0,4,6,116,110,36,2,0,1,5,5,0,1,165,37,21,7,0,10,6,145,120,40,0,10,0,15,0,0,0,187
0,36,13093,25707,32240,23918,53,36,12,0,14,3,261,238,78,4,8,0,15,35,2,1,314,70,54,18,0,10,6,250,202,67,1,18,0,30,0,0,0,355
0,37,7140,18225,16169,28651,87,75,25,0,6,6,202,183,61,0,4,0,15,0,0,0,289,49,31,9,4,12,6,150,121,38,7,14,0,15,0,0,0,199
0,38,4848,19606,19779,16473,75,63,21,0,6,6,203,180,60,0,8,0,15,0,0,0,293,73,63,21,0,4,6,196,171,57,0,10,0,15,15,1,0,269
0,39,25577,23840,17792,18858,24,12,4,0,6,6,98,75,25,0,8,0,15,0,0,0,122,84,64,21,1,14,6,171,148,49,1,8,0,15,0,0,0,255
0,40,18227,11093,26907,12611,84,72,24,0,6,6,216,195,64,3,6,0,15,0,0,0,320,45,39,13,0,0,6,151,132,44,0,4,0,15,20,0,4,196
0,41,20625,21229,26025,19652,65,54,18,0,8,3,187,162,54,0,10,0,15,5,0,1,252,54,45,15,0,6,3,227,210,69,3,2,0,15,0,0,0,286
0,42,16377,7149,23222,26820,65,51,17,0,8,6,87,69,23,0,2,1,15,0,0,0,172,12,9,3,0,0,3,48,42,14,0,6,0,0,20,0,4,60
0,43,28804,14270,27188,29999,103,85,28,1,12,6,228,222,74,0,6,0,0,5,0,1,341,77,62,19,5,12,3,183,158,52,2,10,0,15,10,0,2,265
0,44,23918,8304,11212,23944,41,33,11,0,2,6,56,42,14,0,4,0,10,35,2,1,102,68,48,16,0,14,6,122,84,28,0,8,0,30,5,0,1,225
0,45,15993,11347,32240,13201,72,60,20,0,6,6,242,228,76,0,4,0,10,100,6,2,324,29,21,7,0,2,6,31,21,7,0,10,0,0,10,0,2,160
0,46,33033,18225,30439,4848,71,63,21,0,2,6,206,185,61,2,6,0,15,25,0,5,307,38,30,10,0,2,6,134,113,37,2,6,0,15,30,1,3,197
0,47,10477,16473,5356,7140,79,72,24,0,4,3,260,228,73,9,2,0,30,5,0,1,359,69,57,19,0,6,6,146,116,38,2,0,0,30,20,1,1,220
0,48,23521,20625,12611,13093,68,54,18,0,8,6,267,246,82,0,6,0,15,10,0,2,350,90,72,24,0,12,6,236,213,70,3,8,0,15,15,0,3,336
0,49,11093,23786,24018,23524,83,71,23,2,6,6,207,182,60,2,10,0,15,5,0,1,300,50,39,13,0,8,3,45,33,10,3,2,0,10,10,0,2,100
0,50,12649,26025,19606,23942,64,54,17,3,4,6,195,170,56,2,10,0,15,10,0,2,274,59,45,15,0,8,6,144,126,41,3,8,0,10,15,0,3,213
0,51,3825,26907,18858,25707,32,24,8,0,2,6,135,108,36,0,12,0,15,5,0,1,167,88,70,23,1,12,6,258,231,75,6,12,0,15,0,0,0,351
0,52,21229,28651,16377,32736,87,75,25,0,6,6,244,228,76,0,6,0,10,5,0,1,351,51,39,13,0,6,6,130,105,35,0,10,0,15,20,0,4,186
0,53,3565,19779,23840,23222,76,66,22,0,4,6,253,235,77,4,8,0,10,40,0,8,349,64,58,19,1,0,6,206,195,65,0,6,0,5,20,1,1,310
0,54,7149,15104,28133,10298,78,60,20,0,12,6,163,145,47,4,8,0,10,5,0,1,271,63,45,15,0,12,6,210,190,62,4,10,0,10,30,1,3,278
0,55,19652,25577,18227,18011,38,27,9,0,8,3,148,132,44,0,6,0,10,15,0,3,236,67,55,18,1,6,6,174,160,53,1,4,0,10,50,3,1,256
0,56,16169,26820,32706,17792,65,49,16,1,10,6,197,174,58,0,8,0,15,10,0,2,292,67,57,19,0,4,6,170,152,50,2,8,0,10,30,1,3,247
0,57,11093,23942,11212,16473,30,18,6,0,6,6,148,114,38,0,4,0,30,20,1,1,208,57,57,19,0,0,0,239,201,67,0,8,0,30,30,1,3,316
0,58,23944,27188,33033,18858,93,77,25,2,10,6,238,218,71,5,10,0,10,0,0,0,381,94,76,25,1,12,6,186,167,55,2,4,0,15,50,1,7,280
0,59,23786,32736,13093,12649,55,45,15,0,4,6,126,114,38,0,2,0,10,5,0,1,241,60,48,16,0,6,6,264,239,78,5,10,0,15,60,4,0,329
0,60,4848,16377,25707,8304,46,36,12,0,4,6,107,84,28,0,8,0,15,15,1,0,188,58,51,17,0,4,3,125,105,35,0,4,1,15,35,1,4,198
0,61,10477,13201,14270,26025,38,30,10,0,2,6,112,87,29,0,10,0,15,5,0,1,160,91,79,25,4,6,6,265,246,82,0,4,0,15,10,0,2,361
0,62,23222,21229,19606,7140,55,48,16,0,4,3,290,268,88,4,12,0,10,50,2,4,345,81,69,23,0,6,6,202,177,58,3,10,0,15,0,0,0,333
0,63,3565,10298,26907,23524,112,102,34,0,4,6,320,295,97,4,10,0,15,20,1,1,457,21,18,6,0,0,3,90,69,23,0,6,0,15,25,1,2,131
0,64,29999,18225,23840,26820,73,63,21,0,4,6,172,153,51,0,4,0,15,0,0,0,245,45,33,11,0,6,6,175,157,52,1,8,0,10,0,0,0,220
0,65,17792,12611,19652,32240,83,69,23,0,8,6,209,188,62,2,6,0,15,0,0,0,307,76,60,20,0,10,6,212,189,63,0,8,0,15,15,1,0,288
0,66,7149,19779,23918,16169,38,30,10,0,2,6,208,185,57,14,8,0,15,30,1,3,251,44,29,9,2,12,3,159,138,46,0,6,0,15,5,0,1,233
0,67,24018,25577,28651,15993,16,6,2,0,4,6,123,105,35,0,8,0,10,10,0,2,139,92,78,26,0,8,6,271,248,82,2,8,0,15,0,0,0,373
0,68,30439,3825,32706,20625,6,0,0,0,0,6,87,64,21,1,8,0,15,0,0,0,103,43,36,12,0,4,3,122,97,32,1,10,0,15,10,0,2,165
0,69,5356,28804,18011,28133,3,0,0,0,0,3,17,0,0,0,0,2,15,20,0,4,35,51,39,13,0,6,6,135,110,36,2,10,0,15,15,0,3,206
0,70,23521,18227,11347,15104,98,84,28,0,8,6,290,263,87,2,12,0,15,5,0,1,388,63,51,17,0,6,6,122,108,36,0,4,0,10,0,0,0,190
0,71,23942,25707,29999,13201,62,51,17,0,8,3,101,85,28,1,4,2,10,30,1,3,163,50,42,14,0,2,6,76,66,22,0,0,0,10,0,0,0,156
0,72,18225,19606,13093,11212,84,72,24,0,6,6,189,166,55,1,8,0,15,20,1,1,288,52,36,12,0,10,6,180,163,54,1,12,0,5,15,0,3,252
0,73,16169,10477,23944,23222,44,37,12,1,4,3,159,136,44,4,8,0,15,10,0,2,223,89,76,25,1,10,3,186,166,55,1,10,0,10,20,0,4,285
0,74,10298,7140,25577,23918,85,73,24,1,6,6,266,245,81,2,6,0,15,10,0,2,351,36,27,9,0,6,3,85,60,20,0,10,0,15,0,0,0,131
0,75,11093,15993,23840,3825,67,51,17,0,10,6,287,264,88,0,8,0,15,35,2,1,369,20,12,4,0,2,6,122,84,28,0,8,0,30,15,0,3,177
0,76,16377,32240,23786,20625,53,48,16,0,2,3,147,135,45,0,2,0,10,30,0,6,210,52,45,15,0,4,3,84,69,23,0,0,0,15,10,0,2,166
0,77,12649,7149,17792,28804,64,54,17,3,4,6,236,211,70,1,10,0,15,25,1,2,300,97,81,27,0,10,6,154,127,38,13,12,0,15,0,0,0,276
0,78,15104,24018,12611,18858,44,39,13,0,2,3,141,119,39,2,12,0,10,10,0,2,190,69,57,19,0,6,6,249,226,74,4,8,0,15,5,0,1,328
0,79,28133,19779,8304,18227,77,61,20,1,10,6,118,98,32,2,10,0,10,140,9,1,220,31,21,7,0,4,6,138,126,42,0,2,0,10,25,0,5,309
0,80,4848,27188,28651,3565,91,69,23,0,16,6,128,116,38,2,2,0,10,0,0,0,254,103,87,29,0,10,6,158,138,46,0,10,0,10,35,1,4,261
0,81,26025,18011,33033,11347,56,53,17,2,0,3,138,129,42,3,4,0,5,25,1,2,204,53,45,15,0,2,6,55,43,14,1,2,0,10,10,0,2,133
0,82,26907,32706,21229,5356,56,44,14,2,6,6,67,48,16,0,4,0,15,20,0,4,128,76,67,22,1,6,3,159,144,48,0,0,0,15,5,0,1,255
0,83,26820,19652,23524,32736,66,48,16,0,12,6,129,105,35,0,8,1,15,55,0,11,195,35,21,7,0,8,6,62,55,18,1,2,0,5,0,0,0,152
0,84,16473,30439,14270,23521,39,36,12,0,0,3,163,123,41,0,10,0,30,20,0,4,227,101,87,28,3,8,6,322,295,98,1,12,0,15,25,1,2,443
0,85,10477,15104,25577,23942,63,57,19,0,0,6,151,119,39,2,2,0,30,20,1,1,234,21,9,3,0,6,6,76,36,11,3,10,0,30,20,1,1,117
0,86,11212,25707,23222,28804,12,9,3,0,0,3,221,203,67,2,2,1,15,70,3,5,238,109,89,29,2,14,6,241,216,70,6,14,1,10,5,0,1,420
0,87,17792,23786,3825,29999,65,57,19,0,2,6,103,84,28,0,4,0,15,15,0,3,183,47,39,13,0,2,6,57,36,12,0,6,0,15,15,0,3,119
0,88,11093,27188,13093,10298,82,72,24,0,4,6,215,197,65,2,8,0,10,15,1,0,347,67,55,17,4,6,6,198,164,53,5,4,0,30,50,2,4,280
0,89,7149,18858,7140,11347,68,60,20,0,2,6,225,207,65,12,8,0,10,50,3,1,298,54,48,16,0,0,6,184,169,56,1,0,0,15,5,0,1,288
0,90,32736,16169,18011,19606,25,18,6,0,4,3,44,30,10,0,4,0,10,5,0,1,114,30,18,6,0,6,6,65,48,16,0,2,0,15,45,2,3,100
0,91,14270,26820,20625,12649,77,63,21,0,8,6,314,289,96,1,10,0,15,5,0,1,391,66,54,18,0,6,6,193,177,59,0,6,0,10,0,0,0,264
0,92,19779,23521,26025,26907,64,48,16,0,10,6,238,222,74,0,6,0,10,5,0,1,312,76,60,20,0,10,6,136,118,38,4,8,0,10,10,0,2,217
0,93,28133,33033,32240,28651,44,39,13,0,2,3,242,219,73,0,8,0,15,25,1,2,296,70,58,19,1,6,6,244,225,75,0,4,0,15,10,0,2,339
0,94,8304,21229,23524,16473,56,48,16,0,2,6,103,78,26,0,10,0,15,15,1,0,249,56,42,14,0,8,6,102,81,27,0,6,0,15,90,4,6,173
0,95,18227,16377,30439,23840,67,57,19,0,4,6,183,162,54,0,6,0,15,5,0,1,255,36,18,6,0,12,6,88,65,21,2,8,0,15,5,0,1,129
0,96,12611,4848,5356,23944,68,54,18,0,8,6,150,137,45,2,8,0,5,0,0,0,228,63,45,15,0,12,6,187,166,55,1,6,0,15,10,0,2,250
0,97,23918,19652,3565,15993,49,39,13,0,4,6,117,99,33,0,8,0,10,20,1,1,216,99,87,29,0,6,6,262,252,84,0,0,0,10,50,2,4,381
0,98,13201,32706,18225,24018,31,21,7,0,4,6,118,97,32,1,6,0,15,5,0,1,239,46,36,12,0,4,6,58,48,16,0,0,0,10,90,1,15,109
0,99,12649,11212,10298,19779,48,42,14,0,0,6,198,171,57,0,12,0,15,25,1,2,281,42,36,12,0,0,6,137,123,41,0,4,0,10,35,0,7,204
0,100,26907,28651,23786,10477,46,32,9,5,8,6,137,115,38,1,12,0,10,10,0,2,218,74,63,21,0,8,3,186,163,53,4,8,0,15,35,1,4,270
0,101,13093,29999,18011,16473,77,63,21,0,8,6,120,105,35,0,0,0,15,15,0,3,212,63,54,18,0,6,3,212,187,62,1,10,0,15,15,0,3,290
0,102,23222,32240,32736,11093,82,72,24,0,4,6,235,210,70,0,10,0,15,35,1,4,357,36,24,8,0,6,6,130,111,37,0,4,0,15,40,0,8,201
0,103,27188,25577,19606,20625,33,27,9,0,0,6,131,111,37,0,10,0,10,5,0,1,184,80,67,22,1,10,3,143,117,39,0,16,0,10,20,1,1,228
0,104,3825,33033,8304,7149,53,39,13,0,8,6,158,114,38,0,14,0,30,40,2,2,251,43,33,11,0,4,6,125,103,34,1,12,0,10,40,2,2,208
0,105,32706,15104,15993,14270,61,45,15,0,10,6,145,117,35,12,12,1,15,10,0,2,236,79,69,23,0,4,6,376,349,115,4,12,0,15,30,1,3,465
0,106,24018,26025,5356,16169,67,51,17,0,10,6,151,130,42,4,6,0,15,20,0,4,218,49,29,9,2,14,6,122,106,35,1,6,0,10,0,0,0,191
0,107,18858,23521,13201,19652,84,72,24,0,6,6,231,210,69,3,6,0,15,40,1,5,350,69,57,19,0,6,6,75,56,18,2,4,0,15,35,1,4,184
0,108,7140,12611,23942,16377,93,81,27,0,6,6,160,144,48,0,6,0,10,45,1,6,263,40,30,10,0,4,6,56,29,8,5,12,0,15,10,0,2,141
0,109,30439,21229,28804,3565,55,45,15,0,4,6,164,126,42,0,8,0,30,35,0,7,279,93,81,27,0,6,6,275,244,81,1,16,0,15,60,1,9,403
0,110,23918,18227,26820,4848,67,61,20,1,0,6,205,184,61,1,6,0,15,50,2,4,302,52,42,14,0,4,6,166,147,49,0,4,0,15,30,0,6,268
0,111,23944,17792,25707,18225,103,93,31,0,4,6,264,241,78,7,8,0,15,0,0,0,382,102,88,29,1,8,6,262,237,78,3,10,0,15,15,1,0,364
0,112,23840,23524,11347,28133,32,18,6,0,8,6,83,67,22,1,6,0,10,20,0,4,150,64,48,16,0,10,6,174,156,52,0,8,0,10,35,1,4,258
0,113,29999,32240,32706,19779,77,67,22,1,4,6,235,195,65,0,10,0,30,25,1,2,332,42,36,12,0,0,6,214,189,60,9,10,0,15,20,1,1,281
0,114,19652,26907,15104,23222,96,78,26,0,12,6,204,192,64,0,2,0,10,15,0,3,325,86,78,26,0,2,6,203,186,60,6,12,0,5,25,0,5,304
0,115,13201,5356,25577,32736,62,48,16,0,8,6,131,93,31,0,8,0,30,0,0,0,338,38,24,8,0,8,6,49,39,13,0,0,0,10,145,5,14,87
0,116,23942,27188,16169,3825,3,0,0,0,0,3,145,129,43,0,6,0,10,20,0,4,153,46,32,9,5,8,6,174,146,47,5,12,1,15,5,0,1,240
0,117,19606,3565,14270,7149,90,78,26,0,6,6,202,183,61,0,4,0,15,25,1,2,317,62,48,16,0,8,6,258,233,77,2,10,0,15,25,1,2,345
0,118,28651,30439,18858,26820,30,18,6,0,6,6,54,42,14,0,2,0,10,30,2,0,104,61,45,15,0,10,6,190,165,55,0,10,0,15,20,0,4,281
0,119,21229,25707,15993,10298,108,94,31,1,8,6,283,240,80,0,12,1,30,15,0,3,431,91,73,23,4,12,6,268,249,83,0,4,0,15,40,2,2,374
0,120,16473,12649,16377,33033,77,71,22,5,0,6,220,193,64,1,12,0,15,35,1,4,297,56,45,15,0,8,3,142,117,39,0,10,0,15,0,0,0,233
0,121,26025,12611,11212,23786,89,69,23,0,14,6,163,149,49,2,4,0,10,0,0,0,252,81,65,21,2,10,6,161,150,50,0,0,1,10,0,0,0,242
0,122,8304,13093,23840,24018,47,33,11,0,8,6,114,93,31,0,6,0,15,30,2,0,191,44,36,12,0,2,6,123,102,32,6,6,0,15,30,0,6,197
0,123,10477,17792,18011,11093,66,54,18,0,6,6,217,190,61,7,12,0,15,5,0,1,293,43,27,9,0,10,6,84,66,22,0,8,0,10,10,0,2,132
0,124,23944,23524,28804,18227,53,39,13,0,8,6,157,126,41,3,16,0,15,0,0,0,235,90,79,26,1,8,3,230,207,68,3,8,0,15,25,0,5,320
0,125,7140,28133,23521,4848,47,39,13,0,2,6,164,150,50,0,4,0,10,40,0,8,301,61,51,17,0,4,6,187,171,57,0,6,0,10,90,4,6,288
0,126,11347,20625,18225,23918,26,18,6,0,2,6,71,66,21,3,0,0,5,10,0,2,97,71,57,19,0,8,6,211,189,63,0,12,0,10,0,0,0,292
0,127,16473,25577,7149,32706,51,39,13,0,6,6,185,147,49,0,8,0,30,15,0,3,266,71,57,19,0,8,6,200,176,57,5,14,0,10,30,1,3,286
0,128,16169,32240,30439,12649,66,54,18,0,6,6,199,180,60,0,4,0,15,55,3,2,290,52,42,14,0,4,6,122,105,35,0,2,0,15,25,0,5,229
0,129,3825,5356,15104,13093,50,39,13,0,8,3,147,111,37,0,6,0,30,30,0,6,217,71,58,19,1,10,3,146,121,40,1,10,0,15,20,1,1,247
0,130,26820,33033,13201,21229,61,57,19,0,4,0,256,237,78,3,4,0,15,15,0,3,322,63,51,17,0,6,6,160,141,47,0,4,0,15,5,0,1,238
0,131,32736,26907,27188,23840,60,42,14,0,12,6,110,85,28,1,10,0,15,15,0,3,185,69,57,19,0,6,6,221,204,68,0,2,0,15,15,0,3,305
0,132,25707,23786,28133,3565,72,67,22,1,2,3,128,105,34,3,8,0,15,15,0,3,210,82,66,22,0,10,6,202,181,59,4,6,0,15,10,0,2,299
0,133,8304,19652,11093,28804,58,48,16,0,4,6,112,102,34,0,0,0,10,35,0,7,175,87,69,23,0,12,6,229,202,66,4,12,0,15,5,0,1,351
0,134,18858,29999,19606,16377,70,55,18,1,12,3,171,150,50,0,6,0,15,35,1,4,241,68,58,19,1,4,6,137,99,31,6,8,0,30,0,0,0,240
0,135,15993,18011,23521,18225,64,48,16,0,10,6,192,180,60,0,2,0,10,40,2,2,261,57,48,16,0,6,3,224,192,64,0,2,0,30,5,0,1,321
0,136,10298,11347,12611,10477,60,54,18,0,0,6,259,243,81,0,6,0,10,10,0,2,319,68,54,18,0,8,6,228,202,67,1,10,1,15,0,0,0,306
0,137,28651,23918,26025,17792,63,51,17,0,6,6,194,177,59,0,2,0,15,5,0,1,277,85,75,25,0,4,6,216,189,62,3,12,0,15,20,1,1,306
0,138,11212,14270,7140,18227,89,69,23,0,14,6,247,222,74,0,10,0,15,15,0,3,361,73,63,21,0,4,6,191,163,54,1,12,1,15,25,0,5,279
0,139,23942,24018,19779,23944,55,39,13,0,10,6,39,21,6,3,2,1,15,0,0,0,104,57,45,15,0,6,6,179,165,55,0,4,0,10,10,0,2,236
0,140,4848,23524,20625,23222,31,24,8,0,4,3,39,21,7,0,8,0,10,20,0,4,80,60,54,18,0,0,6,153,135,45,0,8,0,10,10,0,2,233
